Final.depth_m,Grayscale
129.4172663202 ,124.44
129.4174971602 ,128.8667
129.4177280002 ,136.6
129.4179588402 ,163.0533
129.4181896802 ,176.96
129.4184205202 ,176.3867
129.4186513602 ,172.6933
129.4188822002 ,152.28
129.4191130402 ,141.2533
129.4193438802 ,118.7067
129.4195747202 ,119.7733
129.4198055602 ,149.9067
129.4200364002 ,173.8533
129.4202672402 ,179.64
129.4204980802 ,185.4
129.4207289202 ,146.7733
129.4209597602 ,85.3067
129.4211906002 ,59.3067
129.4214214402 ,86.2667
129.4216522802 ,120.5733
129.4218831202 ,105.0533
129.4221139602 ,117.56
129.4223448002 ,94.6533
129.4225756402 ,77.3467
129.4228064802 ,64.1067
129.4230373202 ,50.9733
129.4232681602 ,76.8533
129.4234990002 ,105.0933
129.4237298402 ,67.28
129.4239606802 ,46.2533
129.4241915202 ,70.5467
129.4244223602 ,135.6133
129.4246532002 ,168.68
129.4248840402 ,149.8267
129.4251148802 ,78.8933
129.4253457202 ,112.1733
129.4255765602 ,156.4
129.4258074002 ,109.3067
129.4260382402 ,39.1867
129.4262690802 ,75.0533
129.4264999202 ,87.3333
129.4267307602 ,87.1467
129.4269616002 ,63.44
129.4271924402 ,47.28
129.4274232802 ,97.68
129.4276541202 ,141.84
129.4278849602 ,129.4667
129.4281158002 ,164.4933
129.4283466402 ,107.4933
129.4285774802 ,128.3067
129.4288083202 ,216.9333
129.4290391602 ,167.4267
129.4292700002 ,38.7067
129.4295008402 ,38.56
129.4297316802 ,69.8667
129.4299625202 ,89
129.4301933602 ,62.2133
129.4304242002 ,44.48
129.4306550402 ,68.32
129.4308858802 ,139.36
129.4311167202 ,155.0533
129.4313475602 ,164.5467
129.4315784002 ,118.4533
129.4318092402 ,29.4933
129.4320400802 ,38.5333
129.4322709202 ,56.0267
129.4325017602 ,65.8667
129.4327326002 ,73.2533
129.4329634402 ,106.9733
129.4331942802 ,127.7067
129.4334251202 ,81.04
129.4336559602 ,51.8267
129.4338868002 ,66.7867
129.4341176402 ,69.5067
129.4343484802 ,71.2133
129.4345793202 ,97.1733
129.4348101602 ,127.3867
129.4350410002 ,90.7467
129.4352718402 ,62
129.4355026802 ,59.7067
129.4357335202 ,52.0133
129.4359643602 ,55.4133
129.4361952002 ,46.6267
129.4364260402 ,76.8
129.4366568802 ,186.3867
129.4368877202 ,180.3067
129.4371185602 ,80.1867
129.4373494002 ,33.7333
129.4375802402 ,43.12
129.4378110802 ,54.1333
129.4380419202 ,73.2933
129.4382727602 ,78.36
129.4385036002 ,55.36
129.4387344402 ,49.4
129.4389652802 ,47.4
129.4391961202 ,41.68
129.4394269602 ,73.9867
129.4396578002 ,153
129.4398886402 ,131.3333
129.4401194802 ,29.4533
129.4403503202 ,63.3867
129.4405811602 ,172.36
129.4408120002 ,130.8667
129.4410428402 ,42.56
129.4412736802 ,116.48
129.4415045202 ,96.1467
129.4417353602 ,120.4
129.4419662002 ,172.8133
129.4421970402 ,113.9467
129.4424278802 ,36.48
129.4426587202 ,28.92
129.4428895602 ,56.24
129.4431204002 ,124.28
129.4433512402 ,99.0133
129.4435820802 ,38.9333
129.4438129202 ,32.7067
129.4440437602 ,48.7467
129.4442746002 ,63.2
129.4445054402 ,80.96
129.4447362802 ,86.6667
129.4449671202 ,69.3467
129.4451979602 ,46.0933
129.4454288002 ,35.7333
129.4456596402 ,40.6
129.4458904802 ,61.0267
129.4461213202 ,74.8533
129.4463521602 ,55.1733
129.4465830002 ,64.9333
129.4468138402 ,81.16
129.4470446802 ,57.8133
129.4472755202 ,34.68
129.4475063602 ,46.3333
129.4477372002 ,54.1067
129.4479680402 ,48.1067
129.4481988802 ,62.9067
129.4484297202 ,65.8533
129.4486605602 ,50.1867
129.4488914002 ,57.32
129.4491222402 ,62.9467
129.4493530802 ,110.0933
129.4495839202 ,154.3333
129.4498147602 ,105.9733
129.4500456002 ,50.84
129.4502764402 ,49.0267
129.4505072802 ,101.6133
129.4507381202 ,60.9867
129.4509689602 ,49.84
129.4511998002 ,76.6667
129.4514306402 ,62.24
129.4516614802 ,37.2933
129.4518923202 ,31.9333
129.4521231602 ,28.5467
129.4523540002 ,73.4533
129.4525848402 ,196.0533
129.4528156802 ,153.4667
129.4530465202 ,40.28
129.4532773602 ,62.1067
129.4535082002 ,41.52
129.4537390402 ,43.9067
129.4539698802 ,44.48
129.4542007202 ,49.3733
129.4544315602 ,53.08
129.4546624002 ,58.4
129.4548932402 ,54.8267
129.4551240802 ,55
129.4553549202 ,58.2
129.4555857602 ,51.2267
129.4558166002 ,45.9467
129.4560474402 ,52.2933
129.4562782802 ,53.8267
129.4565091202 ,53.8933
129.4567399602 ,56.0267
129.4569708002 ,84.6933
129.4572016402 ,73.4533
129.4574324802 ,56.04
129.4576633202 ,53.92
129.4578941602 ,68.64
129.4581250002 ,163.0133
129.4583558402 ,127.9067
129.4585866802 ,42.1733
129.4588175202 ,85.64
129.4590483602 ,123.88
129.4592792002 ,128.8267
129.4595100402 ,134.5467
129.4597408802 ,99.7867
129.4599717202 ,37.6267
129.4602025602 ,50.2133
129.4604334002 ,72.6933
129.4606642402 ,73.36
129.4608950802 ,44.76
129.4611259202 ,41.8133
129.4613567602 ,67.4933
129.4615876002 ,76.6533
129.4618184402 ,79.2
129.4620492802 ,65.56
129.4622801202 ,49.8
129.4625109602 ,44.3067
129.4627418002 ,47.1067
129.4629726402 ,71.4933
129.4632034802 ,84.1333
129.4634343202 ,61.7733
129.4636651602 ,43.3467
129.4638960002 ,56.72
129.4641268402 ,55.24
129.4643576802 ,49.72
129.4645885202 ,64.8533
129.4648193602 ,61.16
129.4650502002 ,61.3733
129.4652810402 ,76.5333
129.4655118802 ,63.4133
129.4657427202 ,50.8133
129.4659735602 ,44.6933
129.4662044002 ,60.8533
129.4664352402 ,150.96
129.4666660802 ,192.2533
129.4668969202 ,150.3867
129.4671277602 ,156.3467
129.4673586002 ,131.8
129.4675894402 ,47.2533
129.4678202802 ,64.8267
129.4680511202 ,70.3733
129.4682819602 ,58.88
129.4685128002 ,56.5867
129.4687436402 ,55.84
129.4689744802 ,52.9733
129.4692053202 ,53.32
129.4694361602 ,66.5333
129.4696670002 ,76.5733
129.4698978402 ,79.72
129.4701286802 ,59.8
129.4703595202 ,63.5067
129.4705903602 ,64.76
129.4708212002 ,59.84
129.4710520402 ,55.32
129.4712828802 ,44.12
129.4715137202 ,66.2667
129.4717445602 ,166.36
129.4719754002 ,159.7067
129.4722062402 ,103.8933
129.4724370802 ,153.04
129.4726679202 ,162.2133
129.4728987602 ,187.16
129.4731296002 ,180.7067
129.4733604402 ,93.96
129.4735912802 ,94.88
129.4738221202 ,72.1867
129.4740529602 ,52.2667
129.4742838002 ,44.8133
129.4745146402 ,69.2667
129.4747454802 ,81.2133
129.4749763202 ,53.76
129.4752071602 ,68.8
129.4754380002 ,119.44
129.4756688402 ,93.08
129.4758996802 ,43.48
129.4761305202 ,131.36
129.4763613602 ,109.3333
129.4765922002 ,82.4533
129.4768230402 ,77.9067
129.4770538802 ,75.9867
129.4772847202 ,96.1333
129.4775155602 ,96.1867
129.4777464002 ,81.28
129.4779772402 ,66.5867
129.4782080802 ,83.04
129.4784389202 ,111.6133
129.4786697602 ,124.92
129.4789006002 ,190.3333
129.4791314402 ,179.5467
129.4793622802 ,97.6533
129.4795931202 ,85.6533
129.4798239602 ,68.3067
129.4800548002 ,89.4133
129.4802856402 ,138.3333
129.4805164802 ,187.12
129.4807473202 ,200.2267
129.4809781602 ,149.76
129.4812090002 ,156.2933
129.4814398402 ,200.1467
129.4816706802 ,129.4933
129.4819015202 ,34.92
129.4821323602 ,46.68
129.4823632002 ,65.56
129.4825940402 ,51.3867
129.4828248802 ,40.8667
129.4830557202 ,69.7067
129.4832865602 ,165.9067
129.4835174002 ,151.6
129.4837482402 ,76.56
129.4839790802 ,86.0533
129.4842099202 ,133.36
129.4844407602 ,74.44
129.4846716002 ,70.96
129.4849024402 ,80.92
129.4851332802 ,122.4267
129.4853641202 ,147.3867
129.4855949602 ,130.5867
129.4858258002 ,104.04
129.4860566402 ,70.3867
129.4862874802 ,63.24
129.4865183202 ,63.4533
129.4867491602 ,60.2667
129.4869800002 ,67.56
129.4872108402 ,60.88
129.4874416802 ,56.64
129.4876725202 ,61.08
129.4879033602 ,61.64
129.4881342002 ,55.6933
129.4883650402 ,47.76
129.4885958802 ,83.4
129.4888267202 ,147.4267
129.4890575602 ,200.2
129.4892884002 ,206.5733
129.4895192402 ,161.68
129.4897500802 ,123.88
129.4899809202 ,85.3333
129.4902117602 ,70.24
129.4904426002 ,82.84
129.4906734402 ,61.0533
129.4909042802 ,109.8933
129.4911351202 ,197.0533
129.4913659602 ,155.1733
129.4915968002 ,46.16
129.4918276402 ,51.3467
129.4920584802 ,92.4133
129.4922893202 ,69.24
129.4925201602 ,64.5733
129.4927510002 ,110.12
129.4929818402 ,122.3333
129.4932126802 ,65.0133
129.4934435202 ,60.7867
129.4936743602 ,119.5867
129.4939052002 ,117.32
129.4941360402 ,90.24
129.4943668802 ,43.8933
129.4945977202 ,51.3733
129.4948285602 ,166.2933
129.4950594002 ,178.6133
129.4952902402 ,57.1867
129.4955210802 ,52.8933
129.4957519202 ,71.6267
129.4959827602 ,66.9333
129.4962136002 ,67.8
129.4964444402 ,60.6
129.4966752802 ,77.04
129.4969061202 ,156.6533
129.4971369602 ,130.2933
129.4973678002 ,41.6667
129.4975986402 ,87.8267
129.4978294802 ,111.56
129.4980603202 ,100.7733
129.4982911602 ,77.0667
129.4985220002 ,53.6933
129.4987528402 ,73.56
129.4989836802 ,140.9867
129.4992145202 ,218.08
129.4994453602 ,213.4
129.4996762002 ,143.36
129.4999070402 ,60.1333
129.5001378802 ,67.3733
129.5003687202 ,88.1067
129.5005995602 ,82.8533
129.5008304002 ,77.0667
129.5010612402 ,67.96
129.5012920802 ,79.0133
129.5015229202 ,128.24
129.5017537602 ,175
129.5019846002 ,147.08
129.5022154402 ,111.48
129.5024462802 ,131.84
129.5026771202 ,152.3467
129.5029079602 ,149.0533
129.5031388002 ,169.08
129.5033696402 ,144.6133
129.5036004802 ,75.7333
129.5038313202 ,72.88
129.5040621602 ,88.44
129.5042930002 ,99.8
129.5045238402 ,76.2933
129.5047546802 ,53.8
129.5049855202 ,73.96
129.5052163602 ,111.84
129.5054472002 ,130.84
129.5056780402 ,137.2133
129.5059088802 ,176.9867
129.5061397202 ,149.4533
129.5063705602 ,119.2133
129.5066014002 ,90.8267
129.5068322402 ,55.1467
129.5070630802 ,83.04
129.5072939202 ,138.3733
129.5075247602 ,115.4267
129.5077556002 ,61.3067
129.5079864402 ,71.7467
129.5082172802 ,99.2667
129.5084481202 ,160.24
129.5086789602 ,137.7733
129.5089098002 ,104.0267
129.5091406402 ,171.24
129.5093714802 ,200.1867
129.5096023202 ,192.96
129.5098331602 ,183.5467
129.5100640002 ,133.2933
129.5102948402 ,58.1067
129.5105256802 ,72.4
129.5107565202 ,70.6267
129.5109873602 ,74.0133
129.5112182002 ,82.4933
129.5114490402 ,69.4267
129.5116798802 ,49.9733
129.5119107202 ,44.84
129.5121415602 ,46.92
129.5123724002 ,53.3733
129.5126032402 ,65.36
129.5128340802 ,84.4533
129.5130649202 ,70.0533
129.5132957602 ,51.08
129.5135266002 ,85.36
129.5137574402 ,124.1733
129.5139882802 ,94.64
129.5142191202 ,82.4267
129.5144499602 ,107.7067
129.5146808002 ,129.4667
129.5149116402 ,133.9467
129.5151424802 ,117.7867
129.5153733202 ,122.48
129.5156041602 ,123.16
129.5158350002 ,173.8
129.5160658402 ,187.12
129.5162966802 ,96.5467
129.5165275202 ,49.32
129.5167583602 ,124.12
129.5169892002 ,196.2533
129.5172200402 ,201.4
129.5174508802 ,138.72
129.5176817202 ,94.7867
129.5179125602 ,60.2533
129.5181434002 ,75.1467
129.5183742402 ,77.7733
129.5186050802 ,66.7333
129.5188359202 ,54.2533
129.5190667602 ,49.9867
129.5192976002 ,78.44
129.5195284402 ,98.96
129.5197592802 ,92.5867
129.5199901202 ,104.4133
129.5202209602 ,139.4267
129.5204518002 ,157.8667
129.5206826402 ,155.08
129.5209134802 ,156.0933
129.5211443202 ,152.6267
129.5213751602 ,152.1333
129.5216060002 ,155.5333
129.5218368402 ,159.0267
129.5220676802 ,153.8933
129.5222985202 ,138
129.5225293602 ,133.08
129.5227602002 ,135.5467
129.5229910402 ,143.5733
129.5232218802 ,142.96
129.5234527202 ,128.9733
129.5236835602 ,117.1333
129.5239144002 ,112.3467
129.5241452402 ,98.3067
129.5243760802 ,93.2267
129.5246069202 ,91.04
129.5248377602 ,83.0933
129.5250686002 ,74.3467
129.5252994402 ,73.2267
129.5255302802 ,72.3467
129.5257611202 ,74.1467
129.5259919602 ,70.2
129.5262228002 ,91.8667
129.5264536402 ,179.6
129.5266844802 ,200.2267
129.5269153202 ,113.4
129.5271461602 ,59.0933
129.5273770002 ,74.1467
129.5276078402 ,78.4933
129.5278386802 ,97.4
129.5280695202 ,142.6933
129.5283003602 ,181.48
129.5285312002 ,191.16
129.5287620402 ,184.36
129.5289928802 ,170.1333
129.5292237202 ,148.5467
129.5294545602 ,136.3467
129.5296854002 ,111
129.5299162402 ,76.9733
129.5301470802 ,75.3333
129.5303779202 ,84.52
129.5306087602 ,102.1067
129.5308396002 ,107.4933
129.5310704402 ,96.92
129.5313012802 ,128.36
129.5315321202 ,155.64
129.5317629602 ,142.2933
129.5319938002 ,137.5467
129.5322246402 ,152.5333
129.5324554802 ,182.3067
129.5326863202 ,145.52
129.5329171602 ,95.3467
129.5331480002 ,102.1467
129.5333788402 ,126.9733
129.5336096802 ,126.6133
129.5338405202 ,130.4533
129.5340713602 ,106.2267
129.5343022002 ,104.1733
129.5345330402 ,138.6533
129.5347638802 ,143.5067
129.5349947202 ,146.28
129.5352255602 ,179.52
129.5354564002 ,183.3333
129.5356872402 ,142.4933
129.5359180802 ,143.36
129.5361489202 ,152.0667
129.5363797602 ,156.9333
129.5366106002 ,167.76
129.5368414402 ,159.4
129.5370722802 ,136.6
129.5373031202 ,83.1467
129.5375339602 ,56.1067
129.5377648002 ,106.4667
129.5379956402 ,185.9467
129.5382264802 ,203.36
129.5384573202 ,163.5867
129.5386881602 ,101
129.5389190002 ,90.9733
129.5391498402 ,71.9733
129.5393806802 ,86.6533
129.5396115202 ,128
129.5398423602 ,128.5333
129.5400732002 ,133.3733
129.5403040402 ,149.1733
129.5405348802 ,167.4267
129.5407657202 ,120.5467
129.5409965602 ,81.72
129.5412274002 ,147.7467
129.5414582402 ,153.8
129.5416890802 ,72.7467
129.5419199202 ,56.1867
129.5421507602 ,67.0933
129.5423816002 ,58.88
129.5426124402 ,70.3733
129.5428432802 ,169.6267
129.5430741202 ,207.3067
129.5433049602 ,190.8
129.5435358002 ,136.32
129.5437666402 ,71.4533
129.5439974802 ,71.9067
129.5442283202 ,70.36
129.5444591602 ,87.5867
129.5446900002 ,148.56
129.5449208402 ,145.4533
129.5451516802 ,168.6267
129.5453825202 ,155.9467
129.5456133602 ,65.2
129.5458442002 ,71.3733
129.5460750402 ,84.88
129.5463058802 ,61.8933
129.5465367202 ,61.96
129.5467675602 ,81.68
129.5469984002 ,95.1733
129.5472292402 ,67.5067
129.5474600802 ,64.9333
129.5476909202 ,65.7867
129.5479217602 ,57.5467
129.5481526002 ,66.8667
129.5483834402 ,78.9467
129.5486142802 ,63.52
129.5488451202 ,78
129.5490759602 ,74.7467
129.5493068002 ,54.5867
129.5495376402 ,59.1333
129.5497684802 ,88.5467
129.5499993202 ,78.7333
129.5502301602 ,85.5733
129.5504610002 ,127.4
129.5506918402 ,106.9733
129.5509226802 ,84.7467
129.5511535202 ,105.3067
129.5513843602 ,139.8667
129.5516152002 ,190.2667
129.5518460402 ,107.9333
129.5520768802 ,53.64
129.5523077202 ,100.5467
129.5525385602 ,134.84
129.5527694002 ,116.72
129.5530002402 ,142.48
129.5532310802 ,110.9067
129.5534619202 ,103.0133
129.5536927602 ,94.92
129.5539236002 ,102.1867
129.5541544402 ,76.4667
129.5543852802 ,75.1867
129.5546161202 ,103.2133
129.5548469602 ,97.12
129.5550778002 ,65.0133
129.5553086402 ,53.3467
129.5555394802 ,60.4133
129.5557703202 ,71.9067
129.5560011602 ,77.7067
129.5562320002 ,88.9067
129.5564628402 ,104.0133
129.5566936802 ,88.8533
129.5569245202 ,65.76
129.5571553602 ,79.8533
129.5573862002 ,84.9867
129.5576170402 ,80.96
129.5578478802 ,68.6267
129.5580787202 ,67.9067
129.5583095602 ,91.5067
129.5585404002 ,116.44
129.5587712402 ,132.7067
129.5590020802 ,132.8133
129.5592329202 ,96.0133
129.5594637602 ,51.8133
129.5596946002 ,88.28
129.5599254402 ,91.32
129.5601562802 ,55.9867
129.5603871202 ,51.0933
129.5606179602 ,98.9333
129.5608488002 ,203.7467
129.5610796402 ,212.36
129.5613104802 ,147.28
129.5615413202 ,74.5067
129.5617721602 ,156.6933
129.5620030002 ,204.0533
129.5622338402 ,188.9067
129.5624646802 ,158.9467
129.5626955202 ,139.12
129.5629263602 ,144.7867
129.5631572002 ,156.08
129.5633880402 ,146.48
129.5636188802 ,158.8
129.5638497202 ,149.9333
129.5640805602 ,98.68
129.5643114002 ,110.1467
129.5645422402 ,138.0667
129.5647730802 ,138.92
129.5650039202 ,137.6133
129.5652347602 ,131.16
129.5654656002 ,115.3467
129.5656964402 ,164.3333
129.5659272802 ,187.3067
129.5661581202 ,172.2533
129.5663889602 ,186.24
129.5666198002 ,184.96
129.5668506402 ,106.9333
129.5670814802 ,60
129.5673123202 ,78.1333
129.5675431602 ,85.64
129.5677740002 ,91.08
129.5680048402 ,90.3733
129.5682356802 ,91.32
129.5684665202 ,92.4133
129.5686973602 ,95.7867
129.5689282002 ,96.5467
129.5691590402 ,95.0133
129.5693898802 ,102.2933
129.5696207202 ,107.5733
129.5698515602 ,108.04
129.5700824002 ,112.8267
129.5703132402 ,111.9733
129.5705440802 ,91.76
129.5707749202 ,77.6
129.5710057602 ,84.12
129.5712366002 ,89.6933
129.5714674402 ,100.3733
129.5716982802 ,109.2667
129.5719291202 ,103.0267
129.5721599602 ,96.0667
129.5723908002 ,95.76
129.5726216402 ,94.8533
129.5728524802 ,117.0533
129.5730833202 ,159
129.5733141602 ,139.7733
129.5735450002 ,91.8667
129.5737758402 ,79.2267
129.5740066802 ,63.3467
129.5742375202 ,81.64
129.5744683602 ,104.3467
129.5746992002 ,92.7333
129.5749300402 ,156.0267
129.5751608802 ,179.24
129.5753917202 ,86.0667
129.5756225602 ,107.0667
129.5758534002 ,141.4933
129.5760842402 ,91.1733
129.5763150802 ,110.3867
129.5765459202 ,158.7733
129.5767767602 ,202.88
129.5770076002 ,227.2267
129.5772384402 ,213.9333
129.5774692802 ,164.7733
129.5777001202 ,113.8
129.5779309602 ,105.0933
129.5781618002 ,100.84
129.5783926402 ,126.8267
129.5786234802 ,212.9733
129.5788543202 ,212.4933
129.5790851602 ,142.3467
129.5793160002 ,109.1333
129.5795468402 ,142.32
129.5797776802 ,134.0133
129.5800085202 ,105.7067
129.5802393602 ,129.64
129.5804702002 ,179.5867
129.5807010402 ,152.7467
129.5809318802 ,77.52
129.5811627202 ,90.5333
129.5813935602 ,89.4133
129.5816244002 ,72.3067
129.5818552402 ,65.0267
129.5820860802 ,65.9467
129.5823169202 ,80.8267
129.5825477602 ,128.5333
129.5827786002 ,110.2267
129.5830094402 ,47.7067
129.5832402802 ,55.2267
129.5834711202 ,72.4933
129.5837019602 ,65.5867
129.5839328002 ,63.0267
129.5841636402 ,67.04
129.5843944802 ,122.5067
129.5846253202 ,144.8
129.5848561602 ,145.6
129.5850870002 ,142.1467
129.5853178402 ,97.9067
129.5855486802 ,57.7467
129.5857795202 ,56.5867
129.5860103602 ,83.6533
129.5862412002 ,167.9733
129.5864720402 ,226.7467
129.5867028802 ,159.9867
129.5869337202 ,60
129.5871645602 ,41.68
129.5873954002 ,72.1867
129.5876262402 ,124.0667
129.5878570802 ,124.0933
129.5880879202 ,67.52
129.5883187602 ,37.56
129.5885496002 ,41.3333
129.5887804402 ,51.0133
129.5890112802 ,74.5067
129.5892421202 ,90.5733
129.5894729602 ,69.72
129.5897038002 ,90.9333
129.5899346402 ,153.68
129.5901654802 ,135.56
129.5903963202 ,92.52
129.5906271602 ,91.0533
129.5908580002 ,104.8667
129.5910888402 ,96.3733
129.5913196802 ,65.9067
129.5915505202 ,49.72
129.5917813602 ,48.8267
129.5920122002 ,51.4267
129.5922430402 ,53.4533
129.5924738802 ,56.16
129.5927047202 ,86.96
129.5929355602 ,124.64
129.5931664002 ,84.9867
129.5933972402 ,56.2933
129.5936280802 ,95.5867
129.5938589202 ,147.52
129.5940897602 ,126.1733
129.5943206002 ,73.5067
129.5945514402 ,95.5067
129.5947822802 ,120.76
129.5950131202 ,101.4533
129.5952439602 ,83.3467
129.5954748002 ,105.2
129.5957056402 ,110.08
129.5959364802 ,141.56
129.5961673202 ,204.76
129.5963981602 ,136.6533
129.5966290002 ,45.7467
129.5968598402 ,64.28
129.5970906802 ,83.1067
129.5973215202 ,86.76
129.5975523602 ,107.88
129.5977832002 ,153.1733
129.5980140402 ,171.24
129.5982448802 ,166.84
129.5984757202 ,163.16
129.5987065602 ,157.68
129.5989374002 ,152.2133
129.5991682402 ,137.9733
129.5993990802 ,134.1733
129.5996299202 ,133.44
129.5998607602 ,107.4267
129.6000916002 ,60.2533
129.6003224402 ,62.0133
129.6005532802 ,136.9333
129.6007841202 ,171.7333
129.6010149602 ,102.5733
129.6012458002 ,109.5867
129.6014766402 ,192.5067
129.6017074802 ,214.2
129.6019383202 ,176.8
129.6021691602 ,82.72
129.6024000002 ,108.9067
129.6026308402 ,195.72
129.6028616802 ,157.32
129.6030925202 ,76.3467
129.6033233602 ,70.9467
129.6035542002 ,140.44
129.6037850402 ,158.7733
129.6040158802 ,74.48
129.6042467202 ,90.5067
129.6044775602 ,151.8933
129.6047084002 ,91.2267
129.6049392402 ,101.0933
129.6051700802 ,54.72
129.6054009202 ,62.3067
129.6056317602 ,64.8267
129.6058626002 ,58.8
129.6060934402 ,66.2533
129.6063242802 ,84.12
129.6065551202 ,73.6133
129.6067859602 ,43.5467
129.6070168002 ,56.3867
129.6072476402 ,84.92
129.6074784802 ,99.16
129.6077093202 ,82.4533
129.6079401602 ,69.9733
129.6081710002 ,82.8533
129.6084018402 ,74.52
129.6086326802 ,64.9333
129.6088635202 ,76.8
129.6090943602 ,98.4533
129.6093252002 ,107.0133
129.6095560402 ,82.7067
129.6097868802 ,61.9067
129.6100177202 ,73.84
129.6102485602 ,119.8
129.6104794002 ,103.4667
129.6107102402 ,74.3067
129.6109410802 ,78.6667
129.6111719202 ,56.52
129.6114027602 ,64.1733
129.6116336002 ,83.9867
129.6118644402 ,96.64
129.6120952802 ,104.1333
129.6123261202 ,70.0933
129.6125569602 ,48.6267
129.6127878002 ,78.2667
129.6130186402 ,83.24
129.6132494802 ,55.4
129.6134803202 ,56.76
129.6137111602 ,61.4533
129.6139420002 ,58.8133
129.6141728402 ,62.68
129.6144036802 ,71.2933
129.6146345202 ,86.28
129.6148653602 ,87.5733
129.6150962002 ,77.3467
129.6153270402 ,70.8267
129.6155578802 ,80.76
129.6157887202 ,85.3733
129.6160195602 ,75.5333
129.6162504002 ,62.7733
129.6164812402 ,67.4933
129.6167120802 ,74.7467
129.6169429202 ,98.0267
129.6171737602 ,194.2133
129.6174046002 ,173.9467
129.6176354402 ,76.4533
129.6178662802 ,68.8533
129.6180971202 ,84.6
129.6183279602 ,133.88
129.6185588002 ,192.4
129.6187896402 ,133.3067
129.6190204802 ,66.7867
129.6192513202 ,70.16
129.6194821602 ,71.5067
129.6197130002 ,61.4667
129.6199438402 ,85.1067
129.6201746802 ,84.5733
129.6204055202 ,56.36
129.6206363602 ,44.5733
129.6208672002 ,74.8667
129.6210980402 ,102.04
129.6213288802 ,73.64
129.6215597202 ,57.3333
129.6217905602 ,94.04
129.6220214002 ,171.9067
129.6222522402 ,163.4667
129.6224830802 ,100.2
129.6227139202 ,109.8133
129.6229447602 ,132.6933
129.6231756002 ,93.88
129.6234064402 ,66.4933
129.6236372802 ,77.9467
129.6238681202 ,68.1467
129.6240989602 ,74.5733
129.6243298002 ,88.8133
129.6245606402 ,95.2133
129.6247914802 ,98
129.6250223202 ,106.3867
129.6252531602 ,119.4667
129.6254840002 ,136.4267
129.6257148402 ,154.1867
129.6259456802 ,154.8933
129.6261765202 ,137.24
129.6264073602 ,132.9467
129.6266382002 ,177.8
129.6268690402 ,157.52
129.6270998802 ,73.88
129.6273307202 ,52.84
129.6275615602 ,52.8667
129.6277924002 ,47.24
129.6280232402 ,43.84
129.6282540802 ,42.56
129.6284849202 ,55.8
129.6287157602 ,80.0933
129.6289466002 ,93.72
129.6291774402 ,88.3067
129.6294082802 ,66.92
129.6296391202 ,62.3867
129.6298699602 ,56.0933
129.6301008002 ,39.0933
129.6303316402 ,76.7867
129.6305624802 ,144.84
129.6307933202 ,112
129.6310241602 ,61.7733
129.6312550002 ,66.5467
129.6314858402 ,84.8533
129.6317166802 ,73.6533
129.6319475202 ,75.3067
129.6321783602 ,111.36
129.6324092002 ,137.2533
129.6326400402 ,103.56
129.6328708802 ,73.8267
129.6331017202 ,115.44
129.6333325602 ,132.4667
129.6335634002 ,83.72
129.6337942402 ,86.7067
129.6340250802 ,84.8267
129.6342559202 ,81.52
129.6344867602 ,81.0667
129.6347176002 ,74.72
129.6349484402 ,69.0267
129.6351792802 ,66.8533
129.6354101202 ,74.6667
129.6356409602 ,89.5733
129.6358718002 ,107.36
129.6361026402 ,95.8133
129.6363334802 ,67.12
129.6365643202 ,99.12
129.6367951602 ,99.44
129.6370260002 ,95.52
129.6372568402 ,147.92
129.6374876802 ,124.4933
129.6377185202 ,80.84
129.6379493602 ,135.2
129.6381802002 ,132.52
129.6384110402 ,63.1733
129.6386418802 ,38.7733
129.6388727202 ,54.8933
129.6391035602 ,63.3467
129.6393344002 ,60.9333
129.6395652402 ,57.3733
129.6397960802 ,57.8533
129.6400269202 ,57.5067
129.6402577602 ,57.3067
129.6404886002 ,52.92
129.6407194402 ,63.1867
129.6409502802 ,66.9733
129.6411811202 ,63.3067
129.6414119602 ,95.2533
129.6416428002 ,125.84
129.6418736402 ,146.8
129.6421044802 ,165.6267
129.6423353202 ,148.2267
129.6425661602 ,85.7733
129.6427970002 ,76.2
129.6430278402 ,110.16
129.6432586802 ,87.1333
129.6434895202 ,72.0667
129.6437203602 ,71.84
129.6439512002 ,63.8667
129.6441820402 ,57.5333
129.6444128802 ,57.76
129.6446437202 ,60.8533
129.6448745602 ,57.7067
129.6451054002 ,54.6267
129.6453362402 ,57.72
129.6455670802 ,57.8133
129.6457979202 ,46.28
129.6460287602 ,66.2933
129.6462596002 ,105.4667
129.6464904402 ,74.8267
129.6467212802 ,54.1733
129.6469521202 ,52.68
129.6471829602 ,46
129.6474138002 ,65.8667
129.6476446402 ,93
129.6478754802 ,84.24
129.6481063202 ,57.6667
129.6483371602 ,50.9867
129.6485680002 ,60.32
129.6487988402 ,78.1333
129.6490296802 ,104.7867
129.6492605202 ,122.4267
129.6494913602 ,98.9867
129.6497222002 ,81.16
129.6499530402 ,93.8133
129.6501838802 ,88.8667
129.6504147202 ,52.5867
129.6506455602 ,77.96
129.6508764002 ,158.0533
129.6511072402 ,173.0533
129.6513380802 ,143.2267
129.6515689202 ,97.7067
129.6517997602 ,73.4667
129.6520306002 ,64.36
129.6522614402 ,58.7333
129.6524922802 ,54.48
129.6527231202 ,76.3333
129.6529539602 ,115.1067
129.6531848002 ,107.1867
129.6534156402 ,74.6667
129.6536464802 ,71.36
129.6538773202 ,86.4267
129.6541081602 ,75.2933
129.6543390002 ,50.6667
129.6545698402 ,49.8267
129.6548006802 ,75.56
129.6550315202 ,85.7067
129.6552623602 ,61.9333
129.6554932002 ,63.16
129.6557240402 ,74.9067
129.6559548802 ,67.12
129.6561857202 ,63.4667
129.6564165602 ,63.48
129.6566474002 ,79.6667
129.6568782402 ,113.3467
129.6571090802 ,110.6667
129.6573399202 ,67.84
129.6575707602 ,55.44
129.6578016002 ,77.0267
129.6580324402 ,102.6
129.6582632802 ,87.64
129.6584941202 ,62.3467
129.6587249602 ,56.9733
129.6589558002 ,59.7467
129.6591866402 ,58.44
129.6594174802 ,76.1467
129.6596483202 ,100.3333
129.6598791602 ,111.5333
129.6601100002 ,105.52
129.6603408402 ,71.4933
129.6605716802 ,51.1733
129.6608025202 ,73.9733
129.6610333602 ,107.9333
129.6612642002 ,148.8667
129.6614950402 ,153.76
129.6617258802 ,106.8267
129.6619567202 ,60.84
129.6621875602 ,66.4
129.6624184002 ,85.92
129.6626492402 ,95.7333
129.6628800802 ,72.7467
129.6631109202 ,48.12
129.6633417602 ,36.2133
129.6635726002 ,40.7467
129.6638034402 ,53.7333
129.6640342802 ,75.5333
129.6642651202 ,82.4933
129.6644959602 ,75.7067
129.6647268002 ,76.9467
129.6649576402 ,80.9067
129.6651884802 ,91.8933
129.6654193202 ,119.8267
129.6656501602 ,133.04
129.6658810002 ,114.0933
129.6661118402 ,62.6133
129.6663426802 ,49.8133
129.6665735202 ,58.6533
129.6668043602 ,64.0133
129.6670352002 ,57.9867
129.6672660402 ,75.5733
129.6674968802 ,109.48
129.6677277202 ,117.6
129.6679585602 ,97.1067
129.6681894002 ,71.72
129.6684202402 ,37.2533
129.6686510802 ,56.7067
129.6688819202 ,114.4933
129.6691127602 ,103
129.6693436002 ,77.6
129.6695744402 ,129.6
129.6698052802 ,100.4267
129.6700361202 ,59.2267
129.6702669602 ,55.2
129.6704978002 ,77.4
129.6707286402 ,119.5467
129.6709594802 ,138.4533
129.6711903202 ,96.0133
129.6714211602 ,55.2267
129.6716520002 ,58.3467
129.6718828402 ,59.52
129.6721136802 ,60.8267
129.6723445202 ,69.4667
129.6725753602 ,88.3333
129.6728062002 ,101.8
129.6730370402 ,69.3333
129.6732678802 ,46.5067
129.6734987202 ,36.3333
129.6737295602 ,40.5067
129.6739604002 ,41.7733
129.6741912402 ,42.7467
129.6744220802 ,47.8533
129.6746529202 ,52.0267
129.6748837602 ,56.9467
129.6751146002 ,48.8133
129.6753454402 ,38.6
129.6755762802 ,40.0667
129.6758071202 ,42.6133
129.6760379602 ,45.2133
129.6762688002 ,46.84
129.6764996402 ,41.12
129.6767304802 ,45.28
129.6769613202 ,66.1467
129.6771921602 ,74.0533
129.6774230002 ,47.1467
129.6776538402 ,37.5333
129.6778846802 ,46.56
129.6781155202 ,53.5467
129.6783463602 ,53.2
129.6785772002 ,50.5467
129.6788080402 ,51.16
129.6790388802 ,45.3067
129.6792697202 ,42.5733
129.6795005602 ,47.3733
129.6797314002 ,53.52
129.6799622402 ,53.1467
129.6801930802 ,48.52
129.6804239202 ,38.8533
129.6806547602 ,38.6
129.6808856002 ,64.72
129.6811164402 ,108.5067
129.6813472802 ,123.3067
129.6815781202 ,101.44
129.6818089602 ,64.9867
129.6820398002 ,59.3067
129.6822706402 ,74.5067
129.6825014802 ,53.2
129.6827323202 ,42
129.6829631602 ,44.5067
129.6831940002 ,39.8667
129.6834248402 ,67.28
129.6836556802 ,83.7067
129.6838865202 ,65.2533
129.6841173602 ,60.2933
129.6843482002 ,45.2
129.6845790402 ,45.08
129.6848098802 ,41.64
129.6850407202 ,40.4
129.6852715602 ,43.28
129.6855024002 ,41.92
129.6857332402 ,41.52
129.6859640802 ,48.4533
129.6861949202 ,57.4667
129.6864257602 ,46.3067
129.6866566002 ,51.6533
129.6868874402 ,92.96
129.6871182802 ,108.3333
129.6873491202 ,71.9067
129.6875799602 ,43.4
129.6878108002 ,52.3067
129.6880416402 ,62.08
129.6882724802 ,62.8667
129.6885033202 ,96.24
129.6887341602 ,158.4533
129.6889650002 ,170.2933
129.6891958402 ,118.9867
129.6894266802 ,52.4933
129.6896575202 ,44.32
129.6898883602 ,63.3867
129.6901192002 ,71.8
129.6903500402 ,122.1867
129.6905808802 ,111.4133
129.6908117202 ,51.9867
129.6910425602 ,42.2533
129.6912734002 ,49.68
129.6915042402 ,53.1733
129.6917350802 ,42.1867
129.6919659202 ,46.08
129.6921967602 ,70.5333
129.6924276002 ,82.28
129.6926584402 ,41.52
129.6928892802 ,27.1467
129.6931201202 ,80.36
129.6933509602 ,109.9333
129.6935818002 ,119.0933
129.6938126402 ,155.7867
129.6940434802 ,166.6133
129.6942743202 ,109.5867
129.6945051602 ,59.96
129.6947360002 ,65.6133
129.6949668402 ,82.2267
129.6951976802 ,92.1733
129.6954285202 ,91.7867
129.6956593602 ,84.6267
129.6958902002 ,79.96
129.6961210402 ,86.1733
129.6963518802 ,118.7067
129.6965827202 ,158.4933
129.6968135602 ,130.4667
129.6970444002 ,50.52
129.6972752402 ,40.4667
129.6975060802 ,78.7067
129.6977369202 ,130.2133
129.6979677602 ,142.5067
129.6981986002 ,78.0933
129.6984294402 ,48.52
129.6986602802 ,63.7067
129.6988911202 ,60.48
129.6991219602 ,58.2133
129.6993528002 ,58.44
129.6995836402 ,53.52
129.6998144802 ,53.7067
129.7000453202 ,60.1467
129.7002761602 ,76.5867
129.7005070002 ,83.0133
129.7007378402 ,74.5333
129.7009686802 ,71.4267
129.7011995202 ,64.3067
129.7014303602 ,61.76
129.7016612002 ,49.9333
129.7018920402 ,46.1733
129.7021228802 ,47.2933
129.7023537202 ,52.7867
129.7025845602 ,68.8133
129.7028154002 ,75.64
129.7030462402 ,63.16
129.7032770802 ,59.8933
129.7035079202 ,57.84
129.7037387602 ,57.44
129.7039696002 ,68.4533
129.7042004402 ,79.0667
129.7044312802 ,89.56
129.7046621202 ,99
129.7048929602 ,92.72
129.7051238002 ,69.4533
129.7053546402 ,68.12
129.7055854802 ,80.16
129.7058163202 ,100.4
129.7060471602 ,101.4267
129.7062780002 ,73.5867
129.7065088402 ,63.7867
129.7067396802 ,67.7867
129.7069705202 ,82.12
129.7072013602 ,89.2
129.7074322002 ,97.28
129.7076630402 ,112.4267
129.7078938802 ,114.6133
129.7081247202 ,100.0133
129.7083555602 ,108.5867
129.7085864002 ,165.24
129.7088172402 ,193.6
129.7090480802 ,191.64
129.7092789202 ,193.88
129.7095097602 ,184.9733
129.7097406002 ,140.5867
129.7099714402 ,80.4
129.7102022802 ,64.7333
129.7104331202 ,109.3733
129.7106639602 ,148.0533
129.7108948002 ,127.0133
129.7111256402 ,104.0267
129.7113564802 ,109.3467
129.7115873202 ,126.96
129.7118181602 ,136.0133
129.7120490002 ,136.8
129.7122798402 ,129.5733
129.7125106802 ,131.32
129.7127415202 ,115.04
129.7129723602 ,97.1467
129.7132032002 ,77.5867
129.7134340402 ,79.2133
129.7136648802 ,104.0133
129.7138957202 ,88.4267
129.7141265602 ,47.3733
129.7143574002 ,66.1867
129.7145882402 ,112.8267
129.7148190802 ,119.2133
129.7150499202 ,69.8533
129.7152807602 ,67.6667
129.7155116002 ,137.12
129.7157424402 ,179.32
129.7159732802 ,105.0667
129.7162041202 ,95.7333
129.7164349602 ,156.4267
129.7166658002 ,102.72
129.7168966402 ,127.6533
129.7171274802 ,199.4533
129.7173583202 ,132.0133
129.7175891602 ,94.8133
129.7178200002 ,172.52
129.7180508402 ,171.6533
129.7182816802 ,135.36
129.7185125202 ,141.6267
129.7187433602 ,167.84
129.7189742002 ,164.2133
129.7192050402 ,123.8533
129.7194358802 ,114.04
129.7196667202 ,144.56
129.7198975602 ,161.24
129.7201284002 ,154.8
129.7203592402 ,130.1467
129.7205900802 ,81
129.7208209202 ,71.4133
129.7210517602 ,60.0533
129.7212826002 ,40.5867
129.7215134402 ,45.7467
129.7217442802 ,62.5867
129.7219751202 ,66.1867
129.7222059602 ,62.4933
129.7224368002 ,77.7333
129.7226676402 ,96.04
129.7228984802 ,105.6667
129.7231293202 ,138.0133
129.7233601602 ,163.6267
129.7235910002 ,139.4133
129.7238218402 ,103.2267
129.7240526802 ,105.56
129.7242835202 ,132.3067
129.7245143602 ,131.8667
129.7247452002 ,124.92
129.7249760402 ,154.3333
129.7252068802 ,183.2933
129.7254377202 ,151.5867
129.7256685602 ,118.4667
129.7258994002 ,124.1333
129.7261302402 ,90.4
129.7263610802 ,91.6933
129.7265919202 ,143.3067
129.7268227602 ,122.6267
129.7270536002 ,72.36
129.7272844402 ,86.2533
129.7275152802 ,115.44
129.7277461202 ,123.9067
129.7279769602 ,108.8533
129.7282078002 ,92.1867
129.7284386402 ,77.32
129.7286694802 ,98.5467
129.7289003202 ,100.4933
129.7291311602 ,80.7067
129.7293620002 ,55.16
129.7295928402 ,66.8267
129.7298236802 ,141.6667
129.7300545202 ,139.76
129.7302853602 ,147.9467
129.7305162002 ,163.48
129.7307470402 ,168.5867
129.7309778802 ,156.9867
129.7312087202 ,139.8667
129.7314395602 ,144.72
129.7316704002 ,153.2133
129.7319012402 ,160.2667
129.7321320802 ,165.8267
129.7323629202 ,165.0933
129.7325937602 ,164.5067
129.7328246002 ,166.52
129.7330554402 ,176.4
129.7332862802 ,173.56
129.7335171202 ,163.92
129.7337479602 ,165.7733
129.7339788002 ,163.3467
129.7342096402 ,159.1067
129.7344404802 ,163.56
129.7346713202 ,166.8533
129.7349021602 ,153.2933
129.7351330002 ,125.0533
129.7353638402 ,87.3733
129.7355946802 ,89.6267
129.7358255202 ,140.84
129.7360563602 ,123.4533
129.7362872002 ,83.28
129.7365180402 ,102.6933
129.7367488802 ,123.2533
129.7369797202 ,101.3067
129.7372105602 ,122.9733
129.7374414002 ,156.2933
129.7376722402 ,122.32
129.7379030802 ,93.0933
129.7381339202 ,82.2133
129.7383647602 ,47.8933
129.7385956002 ,37.4133
129.7388264402 ,61.56
129.7390572802 ,129.5067
129.7392881202 ,119.0533
129.7395189602 ,51.6667
129.7397498002 ,78.1733
129.7399806402 ,87.28
129.7402114802 ,103.8267
129.7404423202 ,104.6667
129.7406731602 ,62.04
129.7409040002 ,68.0133
129.7411348402 ,115.96
129.7413656802 ,154.5067
129.7415965202 ,120.8133
129.7418273602 ,39.4667
129.7420582002 ,77.9067
129.7422890402 ,148.7333
129.7425198802 ,171.8667
129.7427507202 ,156.8533
129.7429815602 ,113.1067
129.7432124002 ,84.72
129.7434432402 ,68.6267
129.7436740802 ,44.4533
129.7439049202 ,54.8133
129.7441357602 ,104.48
129.7443666002 ,156.3733
129.7445974402 ,151.72
129.7448282802 ,117.88
129.7450591202 ,152.56
129.7452899602 ,122.44
129.7455208002 ,38.08
129.7457516402 ,67.1467
129.7459824802 ,96.2
129.7462133202 ,101.2133
129.7464441602 ,82.24
129.7466750002 ,88.5467
129.7469058402 ,61.8
129.7471366802 ,56.2267
129.7473675202 ,59.8933
129.7475983602 ,71.2
129.7478292002 ,81.5733
129.7480600402 ,79.36
129.7482908802 ,76.0667
129.7485217202 ,78
129.7487525602 ,73.8533
129.7489834002 ,66.56
129.7492142402 ,62.7467
129.7494450802 ,56.64
129.7496759202 ,61.8133
129.7499067602 ,83.2267
129.7501376002 ,90.6
129.7503684402 ,75.64
129.7505992802 ,71.0267
129.7508301202 ,79.56
129.7510609602 ,98.7733
129.7512918002 ,102.0933
129.7515226402 ,101.0133
129.7517534802 ,100.3333
129.7519843202 ,103.3867
129.7522151602 ,94.5733
129.7524460002 ,84.92
129.7526768402 ,82.92
129.7529076802 ,90.4933
129.7531385202 ,94.0133
129.7533693602 ,96.7333
129.7536002002 ,129.2533
129.7538310402 ,93.0667
129.7540618802 ,49.64
129.7542927202 ,85.32
129.7545235602 ,122.48
129.7547544002 ,74.16
129.7549852402 ,40.2533
129.7552160802 ,61.0933
129.7554469202 ,111.8533
129.7556777602 ,123.92
129.7559086002 ,83.9067
129.7561394402 ,64.7733
129.7563702802 ,66.3733
129.7566011202 ,77.56
129.7568319602 ,100.1467
129.7570628002 ,138.4133
129.7572936402 ,136.72
129.7575244802 ,85.76
129.7577553202 ,76.5733
129.7579861602 ,119.4
129.7582170002 ,127.2533
129.7584478402 ,93.44
129.7586786802 ,84.6933
129.7589095202 ,88.2933
129.7591403602 ,88.6133
129.7593712002 ,98.6267
129.7596020402 ,111.6667
129.7598328802 ,117.52
129.7600637202 ,104.9333
129.7602945602 ,108.3867
129.7605254002 ,125.0267
129.7607562402 ,130.9467
129.7609870802 ,117.7733
129.7612179202 ,112.5067
129.7614487602 ,129.48